time,indentation,contact_force
0,97.65625,0.0958175349296777
0.00499699999636505,97.65625,0.0651920240520265
0.0101189999986673,97.65625,0.128015624046442
0.0150389999980689,97.65625,0.149164338901763
0.020077000001038,97.65625,0.11700427342623
0.0251179999977467,97.65625,0.112538882169675
0.0299989999984973,97.65625,0.10866922287382
0.0349979999955394,97.65625,0.0962081077664455
0.039876999995613,97.65625,0.111364267159624
0.0448759999999311,97.65625,0.114560027932957
0.0497949999989942,97.65625,0.0982344135219425
0.054839999997057,97.65625,0.0822982381342395
0.0596739999964484,97.65625,0.0751864349467376
0.0647180000014487,97.65625,0.107689368091748
0.0696349999998347,97.65625,0.126570138658374
0.0747140000021318,97.65625,0.119205704561485
0.079753999998502,97.65625,0.177011299074381
0.0846719999972265,97.65625,0.192629177436857
0.0897130000012112,97.65625,0.0696347614342147
0.0947129999985918,97.65625,0.057706152185014
0.0996299999969779,97.65625,0.149465715132267
0.104670000000624,97.65625,0.209289273494845
0.109550000001036,97.65625,0.153264477293338
0.114549999998417,97.65625,0.151211772028503
0.119549999995797,97.65625,0.152472948420367
0.124549000000115,97.65625,0.124004032192506
0.129588999996486,97.65625,0.115108644332213
0.134469999997236,97.65625,0.0892020179143947
0.139466000000539,97.65625,0.0962548700066651
0.144387000000279,97.65625,0.117647779409558
0.149426999996649,97.65625,0.126649121591901
0.154468000000634,97.65625,0.134331679063429
0.159347000000707,97.65625,0.112089250153616
0.1643849999964,97.65625,0.121148668998054
0.169267999997828,97.65625,0.184837766703669
0.174348000000464,97.65625,0.192374634502577
0.179188000001886,97.65625,0.131217376898031
0.184188999999606,97.65625,0.155595629758679
0.189107999998669,97.65625,0.243312556190592
0.194148000002315,97.65625,0.23693459012985
0.19926399999531,97.65625,0.151795915623577
0.204304999999295,97.65625,0.122024587686253
0.209184999999707,97.65625,0.191400104493179
0.214024000000791,97.65625,0.157308613877308
0.219025999998848,97.65625,0.080156097709407
0.223904999998922,97.65625,0.127910124696992
0.228862999996636,97.65625,0.195017947891982
0.233743999997387,97.65625,0.15456390264224
0.23854399999982,97.65625,0.157257750206468
0.243540999996185,97.65625,0.165604951616792
0.248461999995925,97.65625,0.084581321815162
0.25346300000092,97.65625,0.108226614102077
0.258342000000994,97.65625,0.208254651808789
0.263185999996495,97.65625,0.165075740192192
0.268181999999797,97.65625,0.0890898422941695
0.273059999999532,97.65625,0.158600126103355
0.278142999995907,97.65625,0.162984661855035
0.283181999999215,97.65625,0.152541797550704
0.288100999998278,97.65625,0.161124175715502
0.29309999999532,97.65625,0.184835061608992
0.297978999995394,97.65625,0.194054116163507
0.303025000001071,97.65625,0.175011428198275
0.307898999999452,97.65625,0.145086181285469
0.312938999995822,97.65625,0.152472948420367
0.318018999998458,97.65625,0.142021125189177
0.32285899999988,97.65625,0.0790569415042095
0.327895999995235,97.65625,0.130096118312577
0.332735999996657,97.65625,0.224082574065901
0.337777000000642,97.65625,0.264327448442268
0.342658000001393,97.65625,0.192270642584873
0.347695999997086,97.65625,0.146536684826701
0.352535999998508,97.65625,0.157851195750935
0.357413999998244,97.65625,0.182274518241031
0.362413999995624,195.3125,0.152472948420367
0.367255999997724,195.3125,0.0818352002502591
0.372297000001709,195.3125,0.0990050503762308
0.377095999996527,195.3125,0.18406792224611
0.381934999997611,195.3125,0.157089146665198
0.386976000001596,97.65625,0.157384878562078
0.392015999997966,97.65625,0.199123077517399
0.396933999996691,97.65625,0.180468833874439
0.401935000001686,97.65625,0.1465127980758
0.406857000001764,0,0.114756263445618
0.411851999997452,0,0.156217796681428
0.416732999998203,781.25,0.203393706883964
0.421532000000298,781.25,0.171233758353895
0.426529999997001,1171.875,0.112698713391059
0.431613000000652,1367.1875,0.0915860251348425
0.436527999998361,1367.1875,0.0917877987534291
0.441330000001471,1660.15625,0.231088727548533
0.446371999998519,2050.78125,0.377572509592528
0.451248999997915,2050.78125,0.438657041434422
0.45629299999564,2343.75,0.598815497461447
0.461131999996724,2343.75,1.02678137887283
0.466129000000365,2636.71875,1.18877794394075
0.470970999995188,2929.6875,1.15166054026349
0.476007999997819,2929.6875,0.997197071796744
0.480888999998569,3027.34375,0.840647964370342
0.485887999995612,3027.34375,0.853042789079188
0.490766999995685,3222.65625,0.866000577367013
0.495767000000342,3222.65625,0.951590773389486
0.500645000000077,3222.65625,1.06248199984753
0.505526000000827,3222.65625,0.971916148646579
0.510567999997875,3222.65625,0.843313702011298
0.515605000000505,3222.65625,0.819742642540938
0.520524999999907,3222.65625,0.849066546273023
0.525523999996949,3222.65625,1.00604970056156
0.530403999997361,3125,1.13121394970182
0.535521999998309,3125,1.06124926383956
0.540522999996028,3125,1.23980038715916
0.54544299999543,3125,1.43701113426445
0.550445000000764,3125,1.54371564739106
0.555285999995249,3125,1.65476433367413
0.560322999997879,3125,1.77545627938285
0.565164999999979,3125,1.78729404407893
0.570042999999714,3125,1.77625336030646
0.575088999998115,3125,1.66238984597476
0.580121999999392,3125,1.50227993396704
0.585006000001158,3125,1.41400035360674
0.589843000001565,3125,1.471179798665
0.594840999998269,3125,1.53078966549948
0.599719999998342,3125,1.52154723883289
0.604799000000639,3125,1.49554672277398
0.609961000001931,3125,1.46969724773506
0.615044999998645,3125,1.43077077129776
0.620038000000932,3125,1.42368114407686
0.62492100000236,3125,1.38554898866839
0.629958999998053,3125,1.40274766084282
0.634836999997788,3125,1.52641409846739
0.639637000000221,3125,1.51440450342701
0.644636999997601,3125,1.47700846307663
0.649516999998013,3125,1.53675632421019
0.654518999996071,3125,1.52760531551838
0.659435000001395,3125,1.46630692557868
0.664434999998775,3125,1.45066122854373
0.669314999999187,3125,1.47452534735758
0.674118999995699,3125,1.49238734918251
0.679121000001032,3125,1.52884073729084
0.684037999999418,3125,1.54923529523439
0.689035999996122,3125,1.51804743008906
0.693954999995185,3125,1.45572696615815
0.698994999998831,3125,1.38339365330335
0.704034999995201,3222.65625,1.37934839688891
0.708914999995613,3222.65625,1.40721924375699
0.71391500000027,3222.65625,1.414989045894
0.71883600000001,3222.65625,1.42684126657453
0.723832999996375,3222.65625,1.41461655581999
0.728752999995777,3222.65625,1.39400322811678
0.733791999999085,3222.65625,1.43500139372755
0.738635000001523,3222.65625,1.42250764497067
0.743631999997888,3222.65625,1.38930270279734
0.748509999997623,3222.65625,1.46919603865516
0.753510999995342,3320.3125,1.45215185156374
0.758430000001681,3320.3125,1.37483453549873
0.763506999996025,3320.3125,1.44033780759931
0.768549000000348,3320.3125,1.51385930654074
0.773428000000422,3320.3125,1.51658201228948
0.778428999998141,3320.3125,1.50507474897428
0.783308999998553,3320.3125,1.47102175374805
0.788148999999976,3320.3125,1.47349007461876
0.793227000001934,3417.96875,1.54622928442065
0.798312999999325,3417.96875,1.54725337291602
0.803306000001612,3417.96875,1.50234084015579
0.808226000001014,3515.625,1.50132241707103
0.813069999996515,3515.625,1.52347399058861
0.818070000001171,3515.625,1.5264484924163
0.822952999995323,3613.28125,1.5757858357023
0.827984999996261,3613.28125,1.63936359603353
0.83282699999836,3613.28125,1.66882144041836
0.837826999995741,3613.28125,1.64915736059358
0.842705999995815,3613.28125,1.59658949013201
0.847705000000133,3613.28125,1.55621624461384
0.852663999998185,3613.28125,1.56364765852157
0.857702000001154,3613.28125,1.59102011300926
0.862707000000228,3613.28125,1.63311052902123
0.867622999998275,3613.28125,1.69106475334329
0.872471000002406,3613.28125,1.6793072976677
0.877502999996068,3613.28125,1.56834721920881
0.882519999999204,3613.28125,1.50713270815811
0.887498999996751,3613.28125,1.55857274453264
0.892584000001079,3613.28125,1.59048703232689
0.897661999995762,3613.28125,1.64451117357104
0.902663000000757,3613.28125,1.79113511494806
0.907538999999815,3613.28125,1.75282657442201
0.912421000000904,3613.28125,1.62783076515957
0.917420999998285,3613.28125,1.64835069084221
0.922300999998697,3613.28125,1.68158526396969
0.927338000001328,3613.28125,1.69778208260071
0.932339999999385,3613.28125,1.72261719485207
0.937224000001152,3613.28125,1.70736434307385
0.942059000000881,3613.28125,1.65834194302623
0.947022000000288,3613.28125,1.61431843203254
0.951937999998336,3613.28125,1.64217325517133
0.957018000000971,3613.28125,1.70524279796163
0.962059999998019,3613.28125,1.6867913326787
0.966945000000123,3710.9375,1.69532120850298
0.97193800000241,3710.9375,1.73182245048388
0.97685900000215,3710.9375,1.66756619059035
0.981856999998854,3710.9375,1.61825986788278
0.986776999998256,3808.59375,1.68414162112335
0.991735999996308,3906.25,1.75846097482998
0.996614999996382,3906.25,1.7967239632175
1.00145399999747,4003.90625,1.75979828389506
1.0062969999999,4101.5625,1.72351095151728
1.01133200000186,4101.5625,1.75417017418493
1.01637299999857,4199.21875,1.78293269643024
1.02125499999966,4199.21875,1.82142636414432
1.02621599999839,4296.875,1.88703921527879
1.03109699999914,4394.53125,1.95111865349086
1.03597299999819,4394.53125,1.95068654580894
1.04101300000184,4394.53125,2.04613025000854
1.04581499999767,4394.53125,2.14176772783605
1.05081400000199,4394.53125,2.08207804848906
1.05569499999547,4492.1875,1.94611947218047
1.06069299999945,4492.1875,1.93153876481939
1.06561099999817,4492.1875,2.01501091808456
1.07069400000182,4492.1875,2.02272093972451
1.07573099999718,4492.1875,2.02846197893872
1.08084999999846,4492.1875,2.09860834840615
1.08574699999735,4492.1875,2.06168499048715
1.09072999999626,4492.1875,1.99614453384518
1.09560999999667,4492.1875,2.06836868086906
1.10044699999708,4492.1875,2.15960783477001
1.10548700000072,4492.1875,2.12849359876886
1.11057699999947,4492.1875,2.14513869015502
1.11544599999615,4492.1875,2.21323405901861
1.12041499999759,4492.1875,2.23602236124776
1.1254059999992,4492.1875,2.25946121896349
1.13041399999929,4492.1875,2.36663643173175
1.13528999999835,4492.1875,2.41564111572891
1.14036299999862,4492.1875,2.27411565229212
1.1452019999997,4492.1875,2.15761210600979
1.15028799999709,4492.1875,2.23892831506504
1.15524799999548,4492.1875,2.2760667828515
1.16012699999555,4492.1875,2.2015053940429
1.16500699999597,4492.1875,2.19042027930715
1.17004499999894,4492.1875,2.22442914025149
1.175089999997,4492.1875,2.16017892777427
1.18019999999524,4492.1875,2.14781866087433
1.18504599999869,4492.1875,2.21975178792585
1.18988600000012,4492.1875,2.21641557475127
1.19484299999749,4492.1875,2.22065665963922
1.1998059999969,4492.1875,2.22623022169766
1.20484399999987,4492.1875,2.19356262732569
1.2098829999959,4589.84375,2.25463633431203
1.21496800000023,4589.84375,2.32108789148537
1.21984299999895,4589.84375,2.27015087604326
1.22468300000037,4687.5,2.30738835049499
1.22968299999775,4687.5,2.32945508649555
1.23464099999546,4687.5,2.23453127075904
1.23963999999978,4687.5,2.26329781513613
1.24472000000242,4687.5,2.38117827975983
1.2495609999969,4785.15625,2.40356089999817
1.25460000000021,4785.15625,2.42090313726097
1.25947900000028,4785.15625,2.38277674153497
1.26435700000002,4785.15625,2.32170303871964
1.26939699999639,4785.15625,2.35810644373828
1.27439900000172,4785.15625,2.4073522799956
1.27927700000146,4785.15625,2.37802649270356
1.28423900000053,4785.15625,2.334484311363
1.2891329999984,4785.15625,2.27432847231881
1.29428100000223,4785.15625,2.27327077137766
1.2991170000023,4785.15625,2.35281894756056
1.304197999998,4785.15625,2.36249042326101
1.30919500000164,4785.15625,2.23523801864589
1.31407799999579,4785.15625,2.22869872347072
1.31891899999755,4785.15625,2.42210652119183
1.32391500000085,4785.15625,2.47932450477948
1.32879400000093,4785.15625,2.39242345750078
1.33375499999966,4785.15625,2.34706710598568
1.33863399999973,4785.15625,2.33907503086156
1.34347300000081,4785.15625,2.34644092190705
1.34847199999786,4785.15625,2.3329860693969
1.35340500000166,4785.15625,2.29530411928354
1.35844099999667,4785.15625,2.25515520530184
1.3634699999966,4785.15625,2.27531118750821
1.36840099999972,4882.8125,2.34646841018583
1.37339100000099,4882.8125,2.37923349001312
1.3782710000014,4882.8125,2.34622611868507
1.38331099999778,4980.46875,2.34894231517081
1.38819299999886,4980.46875,2.36884866549132
1.39323299999523,5175.78125,2.346710037478
1.39807199999632,5175.78125,2.32535975711286
1.40303300000232,5371.09375,2.38547207068119
1.4079120000024,5468.75,2.45011530340921
1.41295099999843,5468.75,2.40938685146242
1.41791099999682,5566.40625,2.36027159454161
1.42291100000148,5664.0625,2.48084683122518
1.4278290000002,5664.0625,2.55899081670881
1.43278899999859,5761.71875,2.53985708259343
1.43762900000002,5761.71875,2.56732740413061
1.44242700000177,5859.375,2.57441740982305
1.44746799999848,5957.03125,2.52960471220307
1.45234499999788,5957.03125,2.56653949901419
1.4573870000022,6054.6875,2.71254511483219
1.46227199999703,6152.34375,2.75762252674292
1.46726599999965,6152.34375,2.79911593186134
1.47210800000175,6152.34375,2.83645994154686
1.4769479999959,6152.34375,2.94335862578789
1.48194499999954,6250,3.01720350656034
1.4867860000013,6250,2.94201189664488
1.49163799999951,6250,2.83467423172399
1.49666399999842,6250,2.84381873543304
1.50146200000017,6250,2.89886408787994
1.50626399999601,6250,2.89235146550346
1.51126300000033,6250,2.88931168273691
1.51618299999973,6250,2.94967065958218
1.52122599999711,6250,2.98559960476953
1.52626299999974,6250,2.97283467417884
1.53118199999881,6250,2.97692945835134
1.53618599999754,6250,3.01924659476499
1.54106399999728,6250,3.12097324563989
1.54606400000193,6250,3.13140367886352
1.55094499999541,6250,3.09851077132225
1.55577900000208,6250,3.08839650951752
1.56078100000013,6250,3.00234641572221
1.56566100000055,6250,2.98677099892175
1.57054000000062,6250,3.09540837370451
1.57553799999732,6250,3.10239665420139
1.58037699999841,6250,3.04969277141157
1.58537899999646,6250,3.01585974474941
1.59026399999857,6250,2.99887862375255
1.59525700000086,6250,2.98546562532547
1.60010099999636,6250,3.01750310687495
1.60493799999676,6250,3.01611173533077
1.60993900000176,6347.65625,2.99695378676415
1.61477899999591,6347.65625,3.02684522233959
1.61961499999597,6347.65625,3.03173696088562
1.62469699999929,6347.65625,2.97005336652391
1.62977700000192,6347.65625,2.94603326525686
1.63481499999762,6445.3125,2.99678711289274
1.63969399999769,6445.3125,3.0301432309381
1.64469499999541,6445.3125,3.05720018971607
1.64957399999548,6445.3125,3.0881342263574
1.65441599999758,6542.96875,3.08089921938385
1.65941400000156,6542.96875,3.01896091395699
1.66433400000096,6542.96875,3.0554871951949
1.66932999999699,6542.96875,3.1446890148312
1.6741750000001,6542.96875,3.10345114348527
1.67901300000085,6640.625,3.02797374493241
1.68405299999722,6640.625,3.06233897535854
1.68889399999898,6738.28125,3.10298759262747
1.69389399999636,6738.28125,3.10974114678376
1.69873299999745,6738.28125,3.19978124252268
1.70356999999785,6835.9375,3.23383688518763
1.70856999999523,6835.9375,3.28753676785523
1.713410999997,6933.59375,3.38830296756356
1.71825600000011,7031.25,3.43610258868969
1.72324800000206,7031.25,3.46570699857908
1.72816700000112,7031.25,3.54139195797359
1.73321099999885,7031.25,3.44866423416372
1.7380090000006,7031.25,3.2831131567462
1.74284900000202,7031.25,3.2128756589697
1.74784799999907,7031.25,3.2550227341756
1.75272899999982,7031.25,3.32520074581972
1.75780800000211,7031.25,3.35751723748367
1.76260799999727,7031.25,3.4068579365744
1.76756799999566,7031.25,3.44860044075854
1.77252500000031,7031.25,3.39400839716109
1.77752699999837,7031.25,3.33225119101187
1.78241700000217,7031.25,3.37596682448154
1.78748600000108,7031.25,3.53175211474418
1.79232400000183,7031.25,3.51632606565432
1.79736299999786,7031.25,3.42083089321878
1.80224199999793,7031.25,3.42835135305587
1.80724499999633,7031.25,3.44760859147323
1.81208699999843,7031.25,3.4219680010193
1.81716500000039,7031.25,3.39646227713484
1.82200400000147,7031.25,3.41212016201071
1.8269650000002,7128.90625,3.41023400956591
1.83184500000061,7128.90625,3.39728494536446
1.83688499999698,7128.90625,3.42810224468291
1.84200599999895,7226.5625,3.41228735601209
1.84689000000071,7226.5625,3.35160394438245
1.85188100000232,7226.5625,3.39289993957971
1.85676299999614,7324.21875,3.4147786165431
1.86156199999823,7324.21875,3.35202297128167
1.86640099999931,7324.21875,3.36138319743525
1.87144199999602,7421.875,3.51387677643938
1.87644,7421.875,3.51789141390123
1.88135899999907,7519.53125,3.50735512886848
1.88624100000015,7617.1875,3.57328140509532
1.89119899999787,7617.1875,3.66263784723524
1.89603999999963,7714.84375,3.67430347140788
1.90103899999667,7714.84375,3.73009812203379
1.90591899999708,7812.5,3.76332100677048
1.91075899999851,7812.5,3.78336265774245
1.91555700000026,7812.5,3.81361573837743
1.9206389999963,7910.15625,3.8311598765909
1.92563800000062,7910.15625,3.83061679106642
1.93051700000069,7910.15625,3.84778611671699
1.93543700000009,7910.15625,3.84660226693637
1.94035399999848,7910.15625,3.87024986273496
1.94519800000126,8007.8125,3.99249295553543
1.95023899999796,8007.8125,4.02425458936186
1.95507699999871,8007.8125,4.01348489470186
1.95991700000013,8007.8125,4.08818211433884
1.96487699999852,8007.8125,4.13751640480131
1.96983599999658,8007.8125,4.04114463982669
1.97483999999531,8007.8125,3.97075106245657
1.97971300000063,8007.8125,3.99468509397174
1.98471299999801,8007.8125,3.99620382363062
1.98955199999909,8007.8125,4.08284067776346
1.99435100000119,8007.8125,4.2195564932822
1.99935299999925,8007.8125,4.16393299657908
2.00423199999932,8007.8125,4.01768216761854
2.00903400000243,8007.8125,4.02139876162511
2.01383299999725,8007.8125,4.08809906924967
2.01863199999934,8007.8125,4.11301118403537
2.02362999999605,8007.8125,4.11569192238681
2.02854999999545,8007.8125,4.06690361331566
2.03354899999977,8007.8125,4.02167440253435
2.0383920000022,8007.8125,4.01681714794189
2.04334899999958,8007.8125,4.02522073928872
2.04830899999797,8007.8125,3.99218298678806
2.05334800000128,8007.8125,3.99958222818334
2.05819099999644,8007.8125,4.03651433789105
2.06319200000144,8105.46875,3.99379443637251
2.06807000000117,8105.46875,3.96729227559554
2.07290999999532,8105.46875,4.01303040108096
2.07786900000065,8105.46875,4.00876664324578
2.08274900000106,8105.46875,3.95704649960043
2.08758600000147,8203.125,3.95369928042081
2.09260299999733,8203.125,3.95107086749909
2.09742700000061,8203.125,3.9526517681172
2.10235100000136,8203.125,4.00619932105231
2.10730499999772,8203.125,4.1292655521291
2.11214800000016,8203.125,4.13426716601625
2.11722799999552,8203.125,4.05852017365936
2.12226399999781,8203.125,4.03945763686166
2.12714299999789,8203.125,4.04549947472497
2.13194600000134,8203.125,4.05868956684297
2.13694499999838,8300.78125,4.12115384328224
2.14182399999845,8300.78125,4.16776930743533
2.14682599999651,8300.78125,4.16656993221043
2.15170399999624,8300.78125,4.1246222857372
2.15654199999699,8300.78125,4.11134929189919
2.16150199999538,8300.78125,4.14609756276912
2.16638199999579,8300.78125,4.15841941126674
2.17138100000011,8300.78125,4.07103181024172
2.17622000000119,8300.78125,4.02177995419938
2.18106199999602,8300.78125,4.09801049290994
2.18590199999744,8300.78125,4.17849793586164
2.19090300000244,8300.78125,4.21236952320188
2.19574099999591,8300.78125,4.19479129397399
2.20074100000056,8300.78125,4.16779713997695
2.20562000000064,8300.78125,4.14950081335093
2.21054000000004,8300.78125,4.09712899479623
2.2155369999964,8300.78125,4.0848505480617
2.2203359999985,8300.78125,4.11118535218251
2.22513900000195,8300.78125,4.11618974295404
2.23022299999866,8300.78125,4.06171909417675
2.23521800000162,8300.78125,4.0190049763592
2.24013500000001,8300.78125,4.0736849411804
2.24493799999618,8300.78125,4.1933750130414
2.24993800000084,8398.4375,4.20136846753531
2.25477899999532,8398.4375,4.15331927498958
2.25961499999539,8398.4375,4.15229587096103
2.26465599999938,8398.4375,4.13288869920302
2.26969699999609,8398.4375,4.08962394359188
2.27458299999853,8398.4375,4.09335681317913
2.27961499999947,8398.4375,4.14536524325662
2.28449399999954,8398.4375,4.18933526946698
2.28953399999591,8398.4375,4.21285081625258
2.29442500000005,8496.09375,4.26324688471123
2.29945500000031,8496.09375,4.26772304630935
2.30434899999818,8496.09375,4.25674112438142
2.30933299999742,8496.09375,4.34059823065899
2.31417599999986,8496.09375,4.41183725901126
2.31901600000128,8496.09375,4.37774885072225
2.32401499999833,8496.09375,4.31256779656854
2.32885199999873,8496.09375,4.30005418570511
2.33369300000049,8496.09375,4.36022671428906
2.33865199999855,8496.09375,4.43119487271774
2.34353099999862,8496.09375,4.45608718496396
2.3483699999997,8496.09375,4.52794368339537
2.35332899999776,8496.09375,4.6174734433454
2.35821600000054,8496.09375,4.58096856570748
2.36305300000095,8496.09375,4.54955041734895
2.36812900000223,8496.09375,4.55917020958858
2.37317199999961,8496.09375,4.59278619140931
2.37805200000003,8496.09375,4.68165366083396
2.38305199999741,8593.75,4.76852440488669
2.38793099999748,8593.75,4.80169772059841
2.3929319999952,8593.75,4.84475190283259
2.39780800000153,8593.75,4.72095519995689
2.40280899999925,8593.75,4.5321325002696
2.40768699999899,8593.75,4.5555778996742
2.41252600000007,8593.75,4.58175905084499
2.41732599999523,8593.75,4.64716311312611
2.42233100000158,8593.75,4.77983524820678
2.42716800000198,8593.75,4.7792032808827
2.43220599999768,8593.75,4.67364033703921
2.43712599999708,8593.75,4.66847694649979
2.44212899999548,8593.75,4.70743093417206
2.44696699999622,8593.75,4.67667788071832
2.45192700000189,8593.75,4.61896546858709
2.45684700000129,8593.75,4.61201084127087
2.46184299999732,8593.75,4.66277782014112
2.46672399999807,8593.75,4.61757425495249
2.47156299999915,8593.75,4.52681609964443
2.47656299999653,8593.75,4.56895622653577
2.48148299999593,8593.75,4.65547043809753
2.48648500000127,8593.75,4.60911813691079
2.49132100000134,8593.75,4.54984241485351
2.49616499999684,8593.75,4.56458377072872
2.50112100000115,8593.75,4.60164937821212
2.5060020000019,8593.75,4.56567158258235
2.51104599999962,8593.75,4.54133207330184
2.51588199999969,8593.75,4.59158055575637
2.52072000000044,8593.75,4.62350829998174
2.52575999999681,8593.75,4.58127602311845
2.5308389999991,8593.75,4.5497583452311
2.53571899999952,8593.75,4.53944886522582
2.5405580000006,8593.75,4.51364176691062
2.54555999999866,8593.75,4.53730426575076
2.55039899999974,8593.75,4.57926380546044
2.55543699999544,8593.75,4.60824619568009
2.56031699999585,8593.75,4.59608267984813
2.56531499999983,8593.75,4.52903521735038
2.57015899999533,8593.75,4.51312098220289
2.57500099999743,8593.75,4.54682317668061
2.58011399999668,8593.75,4.51766853587113
2.58519700000033,8593.75,4.43317335550957
2.5900380000021,8593.75,4.39241539474581
2.59499599999981,8593.75,4.36454041108568
2.59987399999955,8593.75,4.42911819666172
2.60471500000131,8593.75,4.51547040738836
2.609795999997,8593.75,4.49227114052569
2.61483800000133,8593.75,4.46532652781406
2.61971400000039,8593.75,4.41682385883793
2.62471199999709,8593.75,4.37989600333159
2.62955199999851,8593.75,4.46066194639316
2.63435100000061,8593.75,4.49693784702435
2.63915599999746,8593.75,4.42154904982405
2.64415400000144,8593.75,4.43037616913056
2.64903599999525,8593.75,4.5038625645106
2.65419399999519,8593.75,4.53046763590692
2.65918899999815,8593.75,4.47766959477807
2.66410999999789,8593.75,4.39776170341232
2.6691920000012,8593.75,4.37659376684654
2.67418999999791,8593.75,4.40776961739154
2.67903400000068,8593.75,4.4168890635831
2.68387000000075,8593.75,4.42448844500695
2.68887199999881,8593.75,4.43210390221168
2.69375099999888,8593.75,4.416637748333
2.69858899999963,8593.75,4.38316883088024
2.70354699999734,8593.75,4.38111058979341
2.70847599999979,8593.75,4.44725814407034
2.71354699999938,8691.40625,4.48352762899929
2.71839299999556,8691.40625,4.47329855922897
2.7234249999965,8691.40625,4.42652595157873
2.72826799999893,8691.40625,4.41434808323947
2.7332630000019,8691.40625,4.53576333156835
2.73810799999774,8789.0625,4.6578454246572
2.74295300000085,8789.0625,4.60115257299734
2.7479469999962,8789.0625,4.49441653610344
2.75278599999729,8886.71875,4.54940138919397
2.75762799999939,8886.71875,4.64377023548754
2.7626339999988,8984.375,4.72811949933586
2.76750499999616,8984.375,4.80841980280424
2.77254299999913,8984.375,4.9543876513652
2.77738300000055,9082.03125,5.01737829947075
2.78238399999827,9082.03125,5.06165160792404
2.78730299999734,9082.03125,5.13206702995976
2.79230300000199,9179.6875,5.15837425939607
2.79718300000241,9179.6875,5.20132175509264
2.80221999999776,9179.6875,5.2901162558114
2.8070979999975,9179.6875,5.40430236015714
2.81210299999657,9179.6875,5.44736633612978
2.81694299999799,9179.6875,5.51130882821858
2.8218229999984,9179.6875,5.51221416492502
2.82682199999545,9179.6875,5.51078234010381
2.83166099999653,9179.6875,5.56638572145337
2.83662000000186,9179.6875,5.6972010671908
2.84150000000227,9179.6875,5.73173071593563
2.84634199999709,9179.6875,5.68088593442959
2.85129900000175,9179.6875,5.62610717992468
2.85617800000182,9179.6875,5.68807348757029
2.86097799999698,9179.6875,5.82296359253602
2.8658179999984,9179.6875,5.87689280147256
2.87082499999815,9179.6875,5.82356600374719
2.87569899999653,9179.6875,5.75852628716758
2.88069700000051,9179.6875,5.73327803267904
2.88557500000024,9179.6875,5.72565472238765
2.8903749999954,9179.6875,5.71406414034704
2.8953760000004,9179.6875,5.66021139181215
2.90025600000081,9179.6875,5.61930823144629
2.90529699999752,9179.6875,5.66102685031612
2.91017899999861,9179.6875,5.65845747531958
2.91517699999531,9179.6875,5.57116621543461
2.92009099999996,9179.6875,5.58422143185601
2.92509799999971,9179.6875,5.65090444088378
2.92993600000045,9179.6875,5.65919163838794
2.93477700000221,9179.6875,5.64731794748622
2.93977399999858,9179.6875,5.59682141934152
2.94465299999865,9179.6875,5.50895779617161
2.94965399999637,9179.6875,5.54212269802826
2.95449199999712,9179.6875,5.58227202848446
2.95937099999719,9179.6875,5.52772403435627
2.96437399999559,9179.6875,5.49334005865284
2.96925199999532,9179.6875,5.50723614892262
2.97429700000066,9179.6875,5.50971886760114
2.97913400000107,9179.6875,5.51512030693801
2.98409199999878,9179.6875,5.50368640094982
2.98897099999886,9179.6875,5.51462827396371
2.99381100000028,9179.6875,5.51549825491768
2.99877500000002,9179.6875,5.45701722555463
3.00364999999874,9179.6875,5.48599097702503
3.00868900000205,9179.6875,5.599273970793
3.01356999999552,9179.6875,5.59957944849432
3.01836699999694,9179.6875,5.53827093956227
3.02336900000228,9179.6875,5.45016192420005
3.02824600000167,9179.6875,5.43115687492085
3.03324900000007,9179.6875,5.42730024966373
3.03816999999981,9179.6875,5.45928612549297
3.04312799999752,9179.6875,5.46980694357671
3.04808400000184,9277.34375,5.38940525475678
3.0531289999999,9277.34375,5.39557642889061
3.05796499999997,9277.34375,5.48606270470909
3.06297199999972,9277.34375,5.43592540419752
3.0678459999981,9277.34375,5.38802264286259
3.07268599999952,9277.34375,5.45680465107557
3.07772499999555,9277.34375,5.44355995649906
3.08256499999698,9277.34375,5.37262738332001
3.08756400000129,9277.34375,5.4077223486418
3.09244400000171,9277.34375,5.44881941341425
3.09748499999841,9375,5.4500022935775
3.10232800000085,9375,5.4939371128545
3.10736299999553,9375,5.54557841888472
3.1122419999956,9375,5.53837882416868
3.11728299999959,9375,5.64121440826353
3.12212600000203,9375,5.70688724262185
3.12696499999583,9375,5.6364556238828
3.13196299999981,9375,5.63499148180368
3.13676200000191,9375,5.73327384659062
3.14180099999794,9375,5.73098595356855
3.14668199999869,9375,5.75143990666685
3.15155899999809,9375,5.79942979955788
3.15660000000207,9375,5.79049781970428
3.16143999999622,9375,5.78858411012572
3.16639900000155,9375,5.79025914791385
3.17127900000196,9375,5.75320866995106
3.17611999999644,9375,5.78329188265645
3.18116000000009,9375,5.79491130216848
3.18595999999525,9472.65625,5.72499868995618
3.19096100000024,9472.65625,5.81212396633107
3.19583899999998,9472.65625,5.93260313858933
3.20067800000106,9472.65625,5.88764103865037
3.20571699999709,9472.65625,5.84371568439122
3.21055699999852,9472.65625,5.82758998214528
3.21555599999556,9472.65625,5.75107815978882
3.22047600000224,9472.65625,5.76773941852438
3.22547499999928,9472.65625,5.86608088931614
3.23031900000205,9472.65625,5.89213518174863
3.23515300000145,9472.65625,5.89119079643496
3.24007600000186,9472.65625,5.93370912667616
3.24506300000212,9472.65625,5.84784575719983
3.25007699999696,9472.65625,5.72703937475551
3.25491899999906,9472.65625,5.6788999815105
3.25987299999542,9472.65625,5.68835881428027
3.26471099999617,9472.65625,5.7226086708773
3.26950999999826,9472.65625,5.74175138786068
3.27434299999732,9472.65625,5.7032626627221
3.27915099999518,9472.65625,5.66039300755698
3.28411300000153,9472.65625,5.68814574356178
3.2889920000016,9472.65625,5.68919932855231
3.29383000000234,9472.65625,5.69550673777145
3.2987890000004,9472.65625,5.68382344905258
3.303694000002,9472.65625,5.65608380418819
3.30851099999563,9472.65625,5.76290204671223
3.31346800000028,9472.65625,5.81975068194506
3.3183480000007,9472.65625,5.73924211024417
3.32322700000077,9472.65625,5.59564723691549
3.32814599999983,9570.3125,5.66102685031612
3.3330649999989,9570.3125,5.79431661199144
3.33801700000186,9570.3125,5.75735251656523
3.34295800000109,9570.3125,5.69675311032521
3.34807400000136,9570.3125,5.73684451593382
3.35291699999652,9570.3125,5.82130741328784
3.3578869999983,9570.3125,5.84922875257927
3.36276299999736,9570.3125,5.82058150015958
3.36775299999863,9570.3125,5.8416069706888
3.37266499999532,9570.3125,5.94866783406167
3.37774499999796,9570.3125,5.93594482791072
3.38262599999871,9570.3125,5.92301654564631
3.38758299999608,9570.3125,5.99384817959214
3.39270099999703,9570.3125,5.96376475055816
3.39750300000014,9570.3125,5.90605663704641
3.40233900000021,9570.3125,5.95159692855623
3.4073819999976,9667.96875,6.03572903633024
3.41226099999767,9667.96875,5.99125504381177
3.41726000000199,9667.96875,5.97235799328875
3.42214299999614,9667.96875,5.99554651387178
3.42697599999519,9667.96875,5.9975363275265
3.43205999999918,9667.96875,6.03599486414626
3.43706299999758,9667.96875,6.0573963053444
3.44194099999731,9667.96875,6.01115504707706
3.44678199999908,9667.96875,5.96992537641803
3.45177899999544,9667.96875,5.98427355658145
3.45662799999991,9667.96875,6.02694026849445
3.46145999999862,9667.96875,5.98149387695081
3.46641799999634,9667.96875,5.89516700357165
3.47133400000166,9667.96875,5.95610241684946
3.47629800000141,9667.96875,6.03256139628931
3.48121399999945,9667.96875,5.99677121457872
3.48614200000156,9667.96875,5.94055771792515
3.49106200000097,9667.96875,5.89959905417309
3.49589800000103,9667.96875,5.88483992985366
3.50073700000212,9667.96875,5.89829136275922
3.50573599999916,9667.96875,5.95333427584912
3.5106220000016,9667.96875,6.00926027061568
3.51557499999763,9667.96875,5.96352328745348
3.52070100000128,9667.96875,5.92065748038172
3.52577699999529,9667.96875,5.96065231329592
3.53065400000196,9765.625,5.95832090441594
3.53549299999577,9765.625,5.94677626954302
3.54045300000143,9765.625,5.97360100776743
3.54529299999558,9765.625,5.94231310181481
3.55021499999566,9765.625,5.9327312428594
3.55521299999964,9765.625,6.06219399227705
3.56005600000208,9765.625,6.07796553132707
3.56509399999777,9765.625,5.93495021040615
3.56993299999885,9765.625,5.92846531574572
3.57477400000062,9765.625,6.03026807032656
3.57977299999766,9765.625,6.02713547217913
3.58465199999773,9765.625,6.02640630890417
3.5896900000007,9765.625,6.08821098517454
3.59453000000212,9765.625,6.12230846985024
3.5995299999995,9765.625,6.11729678861505
3.60444899999857,9765.625,6.14111756930284
3.60944799999561,9765.625,6.11479926080979
3.61429399999906,9765.625,6.05596317690258
3.61912999999913,9765.625,6.04879268945465
3.62408999999752,9765.625,6.10233570036916
3.62896799999726,9765.625,6.15250038602193
3.63384799999767,9765.625,6.12497591832
3.63885399999708,9765.625,6.05001859501275
3.64369099999749,9765.625,6.03808123496198
3.64868700000079,9765.625,6.02972478642268
3.65356600000086,9765.625,5.99703143230048
3.6584440000006,9765.625,6.03309539125647
3.66344599999866,9765.625,6.07902788281153
3.6682839999994,9765.625,6.05706504835469
3.67324999999983,9765.625,6.01308980475097
3.67812599999888,9765.625,6.0465734097917
3.68296700000064,9765.625,6.0088002130209
3.68804300000193,9765.625,5.9479513279784
3.69288399999641,9765.625,6.00427389448549
3.69784500000242,9765.625,6.02484099375245
3.70272699999623,9765.625,5.92699122658369
3.70772399999987,9765.625,5.94180915210174
3.71264299999893,9765.625,6.01124554481016
3.71760299999733,9765.625,5.95342086535128
3.7224819999974,9765.625,5.9343195903153
3.7275609999997,9765.625,6.01497838732609
3.73244300000079,9765.625,6.0258531346192
3.73744199999783,9765.625,5.95436520546061
3.74232499999925,9765.625,5.92234083787821
3.74736000000121,9765.625,5.96677886300473
3.75223900000128,9765.625,5.93930509403247
3.75704199999745,9765.625,5.83547513061276
3.7620390000011,9765.625,5.85661070927546
3.76692399999592,9765.625,5.92840619391081
3.77203699999518,9765.625,5.9206778328161
3.77703900000051,9765.625,5.90919723820419
3.78188000000227,9765.625,5.94578279118906
3.78671699999541,9765.625,6.04788004179977
3.7917180000004,9765.625,6.07031506595827
3.79659900000115,9765.625,6.0016471905636
3.80143600000156,9765.625,5.94254600318752
3.80636799999775,9765.625,5.88203247185869
3.81123500000103,9765.625,5.86993918196773
3.8160779999962,9765.625,5.91071586189017
3.82107700000051,9765.625,5.85596311463793
3.82591800000228,9765.625,5.81322672876261
3.83071799999743,9765.625,5.89096138164222
3.83575500000006,9765.625,5.90352818236688
3.84063500000047,9765.625,5.81146737063885
3.84563399999752,9765.625,5.78703767051848
3.85043500000029,9765.625,5.79967619785795
3.85531400000036,9765.625,5.79404392458324
3.86019300000044,9765.625,5.77605124631006
3.86519199999748,9765.625,5.74240402618973
3.87011599999823,9765.625,5.73561679333618
3.87503299999662,9765.625,5.79340124624559
3.87987299999804,9765.625,5.82460041547916
3.8847139999998,9765.625,5.76299106367518
3.8897519999955,9765.625,5.7334957050651
3.89459699999861,9765.625,5.77280980112804
3.89955100000225,9765.625,5.78059451959744
3.9045100000003,9765.625,5.81423253748936
3.90950999999768,9765.625,5.85287049233109
3.91440200000216,9765.625,5.80308374918026
3.91946599999937,9765.625,5.74709187328687
3.92430700000114,9765.625,5.72864076374143
3.9292690000002,9765.625,5.73990391905649
3.93418899999961,9765.625,5.7275029463109
3.93918699999631,9765.625,5.72433192608535
3.9440689999974,9765.625,5.78258324626633
3.94902899999579,9765.625,5.78418274261801
3.9539089999962,9765.625,5.71266251409971
3.95870899999863,9765.625,5.748221377087
3.96370699999534,9765.625,5.78126110809744
3.96858400000201,9765.625,5.72158553200072
3.97342599999683,9765.625,5.74526700859064
3.97842600000149,9765.625,5.77793051187015
3.98330500000156,9765.625,5.72680102675132
3.9881830000013,9765.625,5.72076856724689
3.99318299999868,9863.28125,5.74994834759409
3.99818799999775,9863.28125,5.68761013080186
4.00306699999783,9863.28125,5.69773376001371
4.00790599999891,9863.28125,5.78153171746035
4.01286499999696,9863.28125,5.74432667942902
4.01774499999738,9863.28125,5.68456128474309
4.02262699999847,9863.28125,5.67695384867624
4.0275829999955,9863.28125,5.66438566836687
4.03250200000184,9863.28125,5.69059197272129
4.0375039999999,9863.28125,5.73747862741117
4.04238199999963,9863.28125,5.75250362885587
4.047421999996,9863.28125,5.73319457196422
4.05225999999675,9863.28125,5.70842833010979
4.05722000000242,9863.28125,5.67242963817093
4.06210099999589,9863.28125,5.66785894319892
4.06694399999833,9863.28125,5.67384490447175
4.07201999999961,9863.28125,5.7076378651768
4.07682199999545,9863.28125,5.73370334077374
4.08181999999942,9863.28125,5.67599665257125
4.08670100000018,9863.28125,5.64829399022395
4.09174099999655,9863.28125,5.68440058405458
4.09661999999662,9863.28125,5.64837578424099
4.10146900000109,9863.28125,5.60985677179017
4.10641899999609,9863.28125,5.65547734501695
4.11129699999583,9863.28125,5.67809695232478
4.11617699999624,9863.28125,5.63332592701683
4.12117600000056,9863.28125,5.57031964971491
4.12610000000132,9863.28125,5.62418998612245
4.13104799999564,9863.28125,5.67551812612734
4.13593799999944,9863.28125,5.61972321382468
4.14093699999648,9863.28125,5.60999910873433
4.14577699999791,9863.28125,5.66481111776906
4.15062100000068,9863.28125,5.65630338648839
4.15557499999704,9863.28125,5.63415619236812
4.16065499999968,9863.28125,5.67060155539075
4.16553500000009,9863.28125,5.67173377372387
4.17041400000016,9863.28125,5.58006675587309
4.17545199999586,9863.28125,5.51771809718474
4.18029299999762,9863.28125,5.50490154317041
4.18521199999668,9863.28125,5.55525849983599
4.19009699999879,9863.28125,5.59068090665171
4.19493499999953,9863.28125,5.61632655745728
4.20000900000014,9960.9375,5.59890819713987
4.2048930000019,9960.9375,5.50433365631118
4.20985300000029,9960.9375,5.46724427842766
4.21473400000104,9960.9375,5.57019963735592
4.21957300000213,9960.9375,5.6508563952732
4.22461199999816,9960.9375,5.60761491188544
4.22940899999958,9960.9375,5.51605819403675
4.23441199999797,9960.9375,5.46370908815614
4.23928899999737,9960.9375,5.52505755626129
4.24416899999778,9960.9375,5.59733829601177
4.24916700000176,9960.9375,5.56830000987734
4.25409999999829,9960.9375,5.48646516438408
4.25901100000192,9960.9375,5.45303768554739
4.26388900000165,9960.9375,5.49464512047866
4.2687289999958,9960.9375,5.49942924311242
4.27372900000046,9960.9375,5.44544966003727
4.27857299999596,9960.9375,5.45510861486735
4.28356899999926,9960.9375,5.51376432213057
4.28848599999765,9960.9375,5.46882738802387
4.29344599999604,9960.9375,5.45357497427146
4.29832499999611,9960.9375,5.54815149396626
4.30336499999976,9960.9375,5.56787077795453
4.3082030000005,9960.9375,5.43689516176282
4.31304799999634,9960.9375,5.39909955455537
4.31808599999931,9960.9375,5.45200009170946
4.32292700000107,9960.9375,5.45973552473011
4.32800300000235,9960.9375,5.45222165726963
4.33284599999752,9960.9375,5.44604517058021
4.33780499999557,10058.59375,5.47387266932653
4.34268599999632,9960.9375,5.48450344151592
4.3476210000008,9960.9375,5.44880399720893
4.3526039999997,10058.59375,5.47706609417852
4.35744300000079,10058.59375,5.50304833705829
4.36240199999884,10058.59375,5.4797468007199
4.36728099999891,10058.59375,5.46203332102615
4.37215999999898,10058.59375,5.48079300831549
4.3771609999967,10058.59375,5.44188358934661
4.38208399999712,9960.9375,5.4009003878983
4.38700299999618,9960.9375,5.3953226038857
4.39192199999525,9960.9375,5.36323279375415
4.39691999999923,9960.9375,5.33756358275946
4.40176200000133,9960.9375,5.41597239653232
4.40660699999717,9960.9375,5.48469233412413
4.41159899999911,9960.9375,5.44793768319719
4.41647699999885,9960.9375,5.40588142674254
4.42147899999691,9960.9375,5.38884347518092
4.42635799999698,9960.9375,5.37926556325304
4.43139800000063,9960.9375,5.40645845262867
4.43627900000138,9960.9375,5.41126057402524
4.44107899999653,9960.9375,5.39391750029605
4.44587799999863,9960.9375,5.39115692592972
4.45087599999533,9960.9375,5.37509525496991
4.45599299999594,9960.9375,5.41614484665985
4.46083699999872,9960.9375,5.50453603857764
4.46579599999677,9960.9375,5.4464892361961
4.47063699999853,9960.9375,5.34117777273889
4.47555499999726,9960.9375,5.35506909385864
4.48059400000056,9960.9375,5.36979673730766
4.48543300000165,9960.9375,5.36777207042177
4.49039400000038,9960.9375,5.36527538901779
4.49527600000147,10058.59375,5.33724910417342
4.50017099999968,10058.59375,5.33957938418374
4.50519099999656,10058.59375,5.36675134508764
4.510076999999,10058.59375,5.38024553343061
4.51499399999739,10058.59375,5.38509210691888
4.5198739999978,10058.59375,5.35361980346009
4.52471499999956,10058.59375,5.29155260769465
4.52975299999525,9960.9375,5.2878431330742
4.53459599999769,9960.9375,5.31433391875219
4.53955100000167,9960.9375,5.32358009238144
4.54447000000073,9960.9375,5.30627289158784
4.54946999999811,9960.9375,5.32008280010753
4.55438999999751,9960.9375,5.35319810954162
4.55943399999524,9960.9375,5.3055846991637
4.56426900000224,9960.9375,5.24262777622062
4.56926799999928,9960.9375,5.26564905780854
4.57418899999902,9960.9375,5.32016409521361
4.57918599999539,9960.9375,5.3877707820582
4.58406899999682,9960.9375,5.38237354705152
4.58906900000147,9960.9375,5.25698773063054
4.59390999999596,9960.9375,5.2044327260519
4.59875099999772,9960.9375,5.28450612640387
4.60370400000102,9960.9375,5.34473292129738
4.60862800000177,9960.9375,5.3186120369886
4.61346599999524,9960.9375,5.26838390780323
4.61842700000125,9960.9375,5.23828769733011
4.62350699999661,9960.9375,5.2609524803024
4.62838499999634,9960.9375,5.32669287644782
4.63322499999776,9960.9375,5.41729914256172
4.63822999999684,9960.9375,5.38210154121975
4.64306399999623,9960.9375,5.3061459648223
4.64790699999867,9960.9375,5.32457416137666
4.65298299999995,9960.9375,5.29842552085051
4.65778499999578,9960.9375,5.25554354943425
4.66278900000179,9960.9375,5.29073246346855
4.66762200000085,9960.9375,5.29354068653486
4.67250200000126,9960.9375,5.24395204020784
4.6774729999961,9960.9375,5.25036855849187
4.68234200000006,9960.9375,5.2624542753358
4.68738199999643,9960.9375,5.27335509898584
4.69222099999752,9960.9375,5.30106489301914
4.69726100000116,9960.9375,5.2927771538201
4.70218000000023,9960.9375,5.2610684276105
4.70717799999693,9960.9375,5.23106117341405
4.71206299999903,9960.9375,5.21479098334727
4.71686400000181,9960.9375,5.2537222043043
4.72185999999783,9960.9375,5.28871827572617
4.72690299999522,9960.9375,5.22183425627432
4.73181900000054,9960.9375,5.18019352920333
4.7366600000023,9960.9375,5.24518236098613
4.74165899999934,9960.9375,5.25201913553254
4.74653799999942,9960.9375,5.16534238942589
4.75149799999781,9960.9375,5.18773601872724
4.75637699999788,9960.9375,5.25844168932204
4.76121599999897,9960.9375,5.22352419349236
4.76621699999669,9863.28125,5.15363609503038
4.77105299999675,9863.28125,5.20651870254972
4.77589699999953,9960.9375,5.25792297395084
4.78089799999725,9960.9375,5.19652268348749
4.78577699999732,9960.9375,5.15897683654424
4.7906210000001,9960.9375,5.17440334724691
4.79557399999612,9960.9375,5.16426848643639
4.80045599999721,9960.9375,5.11540927003891
4.80533399999695,9960.9375,5.12490780404877
4.81037300000025,9960.9375,5.1693134940725
4.81541399999696,9960.9375,5.19425548081725
4.82024999999703,9960.9375,5.18865348621393
4.82525100000203,9960.9375,5.2191697615617
4.83018299999821,9960.9375,5.2158010889987
4.83517199999915,9960.9375,5.15042260401998
4.84005199999956,9863.28125,5.11598719701291
4.84489000000031,9863.28125,5.11433524517116
4.84985299999971,9863.28125,5.111009782812
4.85473400000046,9863.28125,5.01230416076279
4.85957000000053,9863.28125,4.94268439210921
4.86461199999758,9863.28125,4.97349072583834
4.86944899999799,9863.28125,5.02204141759106
4.87441299999773,9863.28125,4.94683100580564
4.87932999999612,9863.28125,4.84005061957001
4.88436899999942,9863.28125,4.8258389944133
4.88920599999983,9863.28125,4.9452402368338
4.89425499999925,9863.28125,4.92817664050306
4.89916799999628,9863.28125,4.85129013768503
4.90416800000094,9863.28125,4.86947892489535
4.90900899999542,9863.28125,4.83611765779122
4.91400900000008,9863.28125,4.80785991892443
4.91889300000184,9863.28125,4.8006567259074
4.92396600000211,9863.28125,4.74246939895241
4.92880899999727,9863.28125,4.69092336326229
4.93376799999533,9863.28125,4.71891777847421
4.93868700000166,9863.28125,4.71512131339163
4.94374399999651,9863.28125,4.68903508197582
4.94860599999811,9863.28125,4.67247910642734
4.95340600000054,9863.28125,4.64166263315205
4.95836599999893,9863.28125,4.62218184410782
4.96324399999867,9863.28125,4.71476404499737
4.96812299999874,9863.28125,4.73847623187033
4.97312299999612,9863.28125,4.5875662393038
4.97796499999822,9863.28125,4.51743566639305
4.98296899999696,9863.28125,4.55495170117094
4.98784399999568,9863.28125,4.58148207461297
4.99268199999642,9863.28125,4.55767155464279
4.99768400000175,9863.28125,4.53706248579408
5.00256300000183,9863.28125,4.57153562821072
5.00752099999954,9765.625,4.57630254681659
5.01240500000131,9765.625,4.49280046296294
5.01725099999749,9765.625,4.42576874678287
5.02228599999944,9765.625,4.37772657894483
5.02715799999714,9765.625,4.38728446764055
5.0321599999952,9765.625,4.39841391867569
5.0370019999973,9765.625,4.31857580690672
5.04184099999839,9765.625,4.31620875306095
5.04688799999713,9667.96875,4.40333793842807
5.05196099999739,9667.96875,4.38506009080833
5.05679999999847,9667.96875,4.29561567182168
5.06175999999687,9667.96875,4.24942443161424
5.06663599999592,9667.96875,4.19043506094534
5.07151799999701,9667.96875,4.19538329595759
5.07655800000066,9667.96875,4.21710481254616
5.08143800000107,9667.96875,4.21163270003451
5.08640000000014,9667.96875,4.24332251897025
5.09147700000176,9667.96875,4.30662106529005
5.09659799999645,9667.96875,4.16981774182038
5.10147599999618,9667.96875,4.07746404030741
5.10635699999693,9667.96875,4.08586355621428
5.1113949999999,9667.96875,4.14107244563531
5.11619300000166,9667.96875,4.11449255680454
5.12099599999783,9667.96875,4.0707407188373
5.12603600000148,9667.96875,4.08068254094827
5.13087499999529,9667.96875,4.09396262806587
5.13595599999826,9570.3125,4.09446944059911
5.14079499999934,9570.3125,4.13717355207634
5.14577199999621,9570.3125,4.14454207361923
5.15067899999849,9570.3125,4.06642570324357
5.15567400000145,9570.3125,4.02611524921977
5.16055400000187,9570.3125,4.00922536158795
5.1655929999979,9570.3125,4.00270733379297
5.17044399999577,9570.3125,3.98945422332429
5.17547100000229,9570.3125,3.96383274117362
5.18034900000202,9570.3125,3.94135014937775
5.18518999999651,9570.3125,3.98425915321782
5.19019399999524,9570.3125,4.02234682741307
5.19502900000225,9570.3125,3.96828552400152
5.20003200000065,9570.3125,3.91585712201045
5.20494799999869,9570.3125,3.89689427621536
5.20979100000113,9570.3125,3.88164192063101
5.21479099999851,9472.65625,3.87674051233765
5.21962899999926,9472.65625,3.84273665504156
5.22462999999698,9472.65625,3.71578645780405
5.22950899999705,9472.65625,3.71375739649213
5.23434799999814,9472.65625,3.77479867012798
5.23938800000178,9472.65625,3.76730739388227
5.24422599999525,9472.65625,3.73494431016046
5.24918600000092,9472.65625,3.80016973305141
5.254108000001,9472.65625,3.83021526810178
5.25914899999771,9472.65625,3.78493976173994
5.26399500000116,9472.65625,3.79996328929636
5.26882800000021,9472.65625,3.80502930343513
5.27378699999826,9472.65625,3.71848248617632
5.27866999999969,9472.65625,3.67646909411734
5.28366499999538,9472.65625,3.71596138300709
5.28854799999681,9472.65625,3.71280729367954
5.29354500000045,9472.65625,3.68467230564673
5.29842400000052,9472.65625,3.58972659126012
5.3034239999979,9375,3.56278570784155
5.30834099999629,9375,3.63364280027633
5.31318199999805,9375,3.71680629035197
5.31822699999611,9375,3.65554291453404
5.32326599999942,9375,3.54094973135739
5.32813899999746,9277.34375,3.51151961407024
5.33298300000024,9277.34375,3.47195694097724
5.33798299999762,9277.34375,3.44691775358798
5.34282399999938,9277.34375,3.4828392153529
5.34766099999979,9277.34375,3.4537984886209
5.35262299999886,9179.6875,3.32367642829443
5.35749999999825,9179.6875,3.34710979801978
5.36233899999934,9179.6875,3.38384411579493
5.36737899999571,9179.6875,3.2882092390844
5.37217699999746,9179.6875,3.28359954927515
5.37713699999586,9179.6875,3.27874640678415
5.38209800000186,9179.6875,3.18024684576528
5.38713599999755,9179.6875,3.17039193160719
5.39201899999898,9179.6875,3.21258338413184
5.3970960000006,9179.6875,3.16861247236073
5.40193600000202,9179.6875,3.13523667368191
5.4068599999955,9179.6875,3.07391818368674
5.41178199999558,9179.6875,3.02660816756976
5.41662099999667,9179.6875,3.10280921102152
5.42161699999997,9179.6875,3.16573940810042
5.42641799999546,9179.6875,3.05868370381771
5.43141599999944,9179.6875,3.05189383825847
5.43633499999851,9179.6875,3.16330618182938
5.44117600000027,9179.6875,3.10522301936592
5.44621699999698,9179.6875,2.96851157989993
5.45109299999604,9179.6875,2.98317314281287
5.45609200000035,9179.6875,2.97875225555936
5.46093599999585,9179.6875,2.95637108631511
5.46577299999626,9082.03125,3.01712479025976
5.47077700000227,9082.03125,3.02364895449191
5.47561599999608,9082.03125,3.00440559845038
5.4804129999975,9082.03125,3.04296450850154
5.48529099999723,9082.03125,3.07311080177725
5.49025199999596,9082.03125,3.07873691633436
5.49533099999826,9082.03125,2.96410745419258
5.50016999999934,9082.03125,2.87587065077691
5.50513099999807,8984.375,2.90233922896687
5.51008999999613,8886.71875,2.9129153781049
5.51493199999823,8886.71875,2.84356290593333
5.51993299999594,8886.71875,2.86191072537212
5.52476999999635,8886.71875,2.89960083459776
5.52977000000101,8886.71875,2.84834776668861
5.53465799999685,8886.71875,2.74522221322792
5.53968899999745,8886.71875,2.68193605442039
5.54456699999719,8886.71875,2.68882874129239
5.54960800000117,8886.71875,2.64768521542875
5.55440999999701,8886.71875,2.20653234737223
5.5594459999993,8886.71875,2.15592787448931
5.56432900000073,8886.71875,2.58566277770323
5.56920700000046,8886.71875,3.05279314726694
5.57424999999785,8789.0625,2.91994006787811
5.57924600000115,8789.0625,2.82707552074578
5.58412500000122,8789.0625,2.74487048874806
5.5889279999974,8789.0625,2.46529714233396
5.59376799999882,8886.71875,2.46307165953409
5.59880799999519,8886.71875,2.49641543017183
5.60364499999559,8886.71875,2.44999448978972
5.6086060000016,8886.71875,2.43567033894162
5.61348400000134,8886.71875,2.37204742785637
5.61832399999548,8789.0625,2.32095152900701
5.62336199999845,8789.0625,2.41469584005936
5.62816300000122,8789.0625,2.44134163934505
5.63296499999706,8789.0625,2.4442555103753
5.63780199999746,8789.0625,2.47814144067686
5.64284400000179,8789.0625,2.42047867166806
5.64792299999681,8789.0625,2.41564235763492
5.65275999999722,8789.0625,2.5053776162487
5.65776399999595,8789.0625,2.48162245315439
5.66264399999636,8789.0625,2.43468971328997
5.66752099999576,8789.0625,2.42293210800468
5.67255999999907,8789.0625,2.34888271312128
5.67740000000049,8789.0625,2.36054082786128
5.68235999999888,8789.0625,2.40581649341757
5.68743900000118,8789.0625,2.33591545223709
5.69231800000125,8789.0625,2.29643920015314
5.69719700000132,8789.0625,2.45675660170071
5.70216300000175,8789.0625,2.53951353609308
5.70699700000114,8789.0625,2.45672566641048
5.7118399999963,8789.0625,2.4387710019598
5.7168509999974,8789.0625,2.47114325768459
5.72171600000001,8789.0625,2.39477201420093
5.72655899999518,8789.0625,2.33918041202469
5.73151599999983,8789.0625,2.40862616443482
5.73639600000024,8789.0625,2.4425253325196
5.74127500000031,8789.0625,2.42165336082603
5.74627499999769,8789.0625,2.44153660631988
5.75131500000134,8789.0625,2.42872085674744
5.75611299999582,8789.0625,2.38345652362278
5.7609569999986,8789.0625,2.35143466845243
5.76579599999968,8789.0625,2.34943078212575
5.77079499999672,8789.0625,2.33520705720071
5.77563299999747,8691.40625,2.29330721884356
5.78063599999587,8691.40625,2.24384847973298
5.78555200000119,8691.40625,2.26046919908235
5.79039799999737,8691.40625,2.27578997273474
5.79543199999898,8691.40625,2.2769778215872
5.80051200000162,8691.40625,2.26308395778857
5.80539100000169,8691.40625,2.22805587901201
5.81035200000042,8593.75,2.22396492778101
5.81527099999948,8496.09375,2.25873615103668
5.82030999999552,8496.09375,2.24711014416294
5.8251489999966,8496.09375,2.26980968365191
5.83023500000127,8398.4375,2.27402066833175
5.83510799999931,8398.4375,2.10624832344147
5.84010799999669,8300.78125,2.01234987017666
5.84510700000101,8300.78125,2.00986069168985
5.8501099999994,8007.8125,1.99163500672186
5.85518800000136,7910.15625,1.99969997749662
5.86006800000177,7910.15625,2.05857256369553
5.86506599999848,7812.5,2.09199163478251
5.8699889999989,7812.5,2.08464121613289
5.87490999999864,7812.5,2.00241853766889
5.87974799999938,7812.5,1.90937110065068
5.88462799999979,7812.5,1.9069947561543
5.88966599999549,7812.5,1.97640001011941
5.89471000000049,7812.5,2.04276993320344
5.89958900000056,7812.5,2.04188638273534
5.90458699999726,7812.5,1.97938576331144
5.90946599999734,7812.5,1.91403500490456
5.91446300000098,7714.84375,1.79067864230297
5.91934500000207,7617.1875,1.77896739711553
5.92438499999844,7617.1875,1.85407766827606
5.92926399999851,7617.1875,1.89747200242849
5.93426899999758,7617.1875,1.8426744150826
5.93914099999529,7617.1875,1.83692024867712
5.94398099999671,7617.1875,1.87689797271988
5.94902100000036,7617.1875,1.86101934433794
5.95382199999585,7519.53125,1.79908004268848
5.95878799999628,7519.53125,1.71503848353324
5.96374500000093,7519.53125,1.66538403979382
5.96874399999797,7519.53125,1.62047523893455
5.97362299999804,7519.53125,1.65115747280506
5.97866200000135,7519.53125,1.74928013765663
5.98350100000243,7519.53125,1.80979142444647
5.98850099999981,7519.53125,1.89456696899318
5.99337999999989,7519.53125,1.93097307075992
5.99826100000064,7519.53125,1.93681723453712
6.00329999999667,7519.53125,1.87425531878664
6.00809799999843,7519.53125,1.77839393836124
6.01290200000221,7519.53125,1.67558855331492
6.01790299999993,7519.53125,1.73364413880127
6.02278200000001,7519.53125,1.84159333187324
6.02761800000007,7519.53125,1.77142315667375
6.03253699999914,7519.53125,1.65595440758494
6.03741799999989,7519.53125,1.73885594572984
6.04225600000063,7421.875,1.84611700604268
6.04729699999734,7421.875,1.80779119369467
6.05213699999877,7421.875,1.77403720366851
6.05709399999614,7421.875,1.85520052824486
6.06197799999791,7226.5625,1.85704954161164
6.06681699999899,7226.5625,1.75180164402252
6.07189600000129,7128.90625,1.72363569236657
6.07673500000237,7128.90625,1.75484814157807
6.08169400000043,7031.25,1.74748276100224
6.08654599999863,6835.9375,1.69176180356456
6.09137399999599,6835.9375,1.6552477156003
6.09617199999775,6640.625,1.58975878673464
6.10117200000241,6640.625,1.38752333313714
6.10609200000181,6445.3125,1.23241632576009
6.11117199999717,6347.65625,1.22929003900626
6.11609199999657,6347.65625,1.40647715943061
6.12105000000156,6250,1.49323608314292
6.12597300000198,6250,1.34622323557425
6.13089400000172,6250,1.24733996969551
6.13577300000179,6152.34375,1.30002346132676
6.14077299999917,6152.34375,1.3095697766824
6.14565199999925,6152.34375,1.28400155763145
6.15069199999562,6152.34375,1.35425403820701
6.15552899999602,6152.34375,1.42966604492098
6.16054599999916,6152.34375,1.41588311664487
6.16560999999638,6152.34375,1.34610140776986
6.17053099999612,6152.34375,1.30956366779168
6.1753699999972,6152.34375,1.3134930528937
6.1804140000022,6152.34375,1.19422150374208
6.18528700000024,6152.34375,1.03377415328494
6.19025300000067,6152.34375,0.930606791292649
6.19512499999837,6152.34375,0.966475038477456
6.19992900000216,6152.34375,1.01716911081688
6.2047689999963,6152.34375,1.01208794084309
6.20972900000197,6152.34375,0.963531525171854
6.21460999999545,6152.34375,0.925441516250487
6.21964399999706,6152.34375,0.982116082751932
6.22452599999815,6152.34375,1.09253146407781
6.22960400000011,6152.34375,1.12214838590981
6.23460399999749,6152.34375,1.12543547127323
6.23952699999791,6152.34375,1.09255160061207
6.24448499999562,6152.34375,1.10808844412348
6.2494050000023,6152.34375,1.21277532956438
6.25432600000204,6152.34375,1.29232890550355
6.25932399999874,6152.34375,1.18999033609521
6.26440300000104,6054.6875,1.06443787982202
6.26944399999775,6054.6875,1.03325892205197
6.27428299999883,6054.6875,1.05561593394568
6.27916199999891,5957.03125,0.997254230374582
6.28416099999595,5957.03125,1.01241542856675
6.28904099999636,5957.03125,1.10333358509564
6.29404500000237,5859.375,1.08077102107708
6.29888399999618,5859.375,1.03117893694547
6.30372299999726,5761.71875,1.0295790401907
6.30872300000192,5761.71875,0.990470595222291
6.31360200000199,5664.0625,0.988747187100929
6.3186429999987,5664.0625,1.01038210593814
6.32347999999911,5664.0625,0.990697229227982
6.3284879999992,5566.40625,0.917379419869445
6.33343900000182,5566.40625,0.863483641999083
6.33840200000122,5566.40625,0.86317089848998
6.34327900000062,5468.75,0.899464840891516
6.34807700000238,5468.75,0.912844455534457
6.35307399999874,5468.75,0.873345865050038
6.35799499999848,5468.75,0.863588443646625
6.36305300000095,5468.75,0.904734767763459
6.36795799999527,5468.75,0.943594192436558
6.37295699999959,5468.75,0.957772937600557
6.37779800000135,5468.75,0.930935550937873
6.38276000000042,5468.75,1.01713322627864
6.38767599999846,5468.75,1.12144950844878
6.39267799999652,5468.75,0.956144340567887
6.39755599999626,5468.75,0.744301686146149
6.40263599999889,5468.75,0.760942836223589
6.40747499999998,5468.75,0.86080195167065
6.41227300000173,5468.75,0.866517743615213
6.41727399999945,5371.09375,0.817998777505199
6.42227999999886,5371.09375,0.828210721978411
6.42727300000115,5371.09375,0.836794478949282
6.4323929999955,5371.09375,0.843424566870091
6.43743199999881,5371.09375,0.902886482344265
6.44227099999989,5371.09375,0.964494167945043
6.44727199999761,5273.4375,0.98351410767716
6.45239199999924,5273.4375,0.908469041850079
6.4573109999983,5175.78125,0.759534726000069
6.46231299999636,5078.125,0.770062984436988
6.46720700000151,5078.125,0.912967140701132
6.47223099999974,4980.46875,0.867348257622046
6.47706900000048,4980.46875,0.708914663411613
6.48207299999922,4882.8125,0.715069926650534
6.48710800000117,4785.15625,0.68406578631006
6.49206499999855,4785.15625,0.587391692144177
6.49691000000166,4785.15625,0.552856220006613
6.50194899999769,4687.5,0.593384361101639
6.50678799999878,4687.5,0.638117544030878
6.51174999999785,4589.84375,0.650729590536653
6.51662899999792,4589.84375,0.731172346304207
6.52170900000056,4589.84375,0.812145922848844
6.52658900000097,4589.84375,0.792114259434837
6.53162599999632,4589.84375,0.697017933772152
6.53646599999774,4589.84375,0.622113333726259
6.54146699999546,4589.84375,0.651411544263686
6.54634799999621,4589.84375,0.716670775182022
6.55122200000187,4589.84375,0.730858399418109
6.55630499999825,4589.84375,0.658253750464059
6.56134400000155,4589.84375,0.614377733971536
6.56622699999571,4589.84375,0.667524531384428
6.57118300000002,4589.84375,0.725636961572383
6.57606400000077,4589.84375,0.65640307738462
6.58090599999559,4589.84375,0.461069409091516
6.58594399999856,4589.84375,0.449437426122925
6.59078900000168,4492.1875,0.547885024434872
6.59574499999871,4492.1875,0.524690384893796
6.60066099999676,4492.1875,0.44301692969908
6.6056630000021,4492.1875,0.492345407209207
6.61054399999557,4492.1875,0.595625721405649
6.61534199999733,4394.53125,0.532752287653465
6.62038200000097,4394.53125,0.464104514091384
6.62526100000105,4394.53125,0.541407425143025
6.63025999999809,4394.53125,0.548470600852954
6.6351399999985,4394.53125,0.439041000363292
6.64017900000181,4296.875,0.452356054452684
6.64501799999562,4296.875,0.504008928492343
6.65001800000027,4296.875,0.462709412050371
6.65494000000035,4296.875,0.441117898072613
6.65978000000177,4296.875,0.514067116240671
6.66477999999915,4199.21875,0.571840012590934
6.66962000000058,4199.21875,0.518700298823897
6.67457899999863,4199.21875,0.456316775935315
6.67949799999769,4199.21875,0.4350930934869
6.68437699999777,4199.21875,0.413052054830865
6.68937700000242,4101.5625,0.429958137497129
6.69442100000015,4101.5625,0.429930226897342
6.69925700000022,4101.5625,0.438216841301199
6.70425599999726,4003.90625,0.471891936782141
6.70913499999733,4003.90625,0.458625119242285
6.71401499999774,4003.90625,0.409176001251295
6.71909400000004,4003.90625,0.393249284805453
6.72413299999607,4003.90625,0.36930475220338
6.7290309999953,3906.25,0.310942116799896
6.73405500000081,3906.25,0.309040450426801
6.73889500000223,3906.25,0.414276477729547
6.74373499999638,3906.25,0.435839419970245
6.74873500000103,3906.25,0.410504567575076
6.75357200000144,3808.59375,0.386680746870076
6.75857600000018,3808.59375,0.314006369362152
6.76365400000213,3808.59375,0.301240767493379
6.7685730000012,3808.59375,0.352637207339214
6.77361299999757,3808.59375,0.350851820573871
6.77848899999663,3710.9375,0.282113452355608
6.78353200000129,3710.9375,0.245703072833858
6.78841499999544,3710.9375,0.266750820054972
6.79341099999874,3710.9375,0.27902867236182
6.79829199999949,3613.28125,0.274492258542932
6.80328899999586,3613.28125,0.246738728212658
6.80832999999984,3613.28125,0.204518947777461
6.81328799999756,3613.28125,0.157686397637843
6.81812799999898,3515.625,0.180269243078236
6.82312799999636,3515.625,0.222407284053378
6.82812700000068,3515.625,0.2259424705539
6.83304700000008,3417.96875,0.264213928474636
6.83793100000184,3320.3125,0.274191538892067
6.84300300000177,3320.3125,0.189200951371815
6.8480469999995,3320.3125,0.130923641868075
6.85292800000025,3320.3125,0.163076669085434
6.85792699999729,3320.3125,0.150479234447813
6.86284399999568,3320.3125,0.141439032802123
6.86788700000034,3320.3125,0.192210821755696
6.87272700000176,3320.3125,0.21079373804741
6.87776599999779,3320.3125,0.15128780519262
6.88292799999908,3320.3125,0.135944841755765
6.88800300000003,3320.3125,0.166306945134591
6.89288600000145,3320.3125,0.229421010371762
6.89784499999951,3320.3125,0.27947450688748
6.90288499999588,3222.65625,0.268292750554315
6.90784200000053,3222.65625,0.223450218169506
6.91272400000162,3222.65625,0.157407115468139
6.91776299999765,3222.65625,0.0960468635614927
6.92288600000029,3125,0.0456070170039655
6.92791900000157,3125,0.0923958873543623
6.93284200000198,3125,0.11894956914592
6.93776300000172,3027.34375,0.100498756211209
6.94268799999554,3027.34375,0.0704911341943084
6.94768399999884,3027.34375,0.0599332962550868
6.95260199999757,2929.6875,0.0660681466366357
6.95768099999987,2929.6875,0.0726704891960967
7.00268399999914,2636.71875,0.084504437753292
7.0075199999992,2636.71875,0.0965401470891774
7.0125560000015,2636.71875,0.0446542271235322
7.0225569999966,2636.71875,0.101862652625975
7.0275959999999,2636.71875,0.124651514230674
7.03247600000032,2636.71875,0.125538838611802
7.03747999999905,2636.71875,0.12723600119463
7.04235499999777,2636.71875,0.0622414652783817
7.07703200000105,2539.0625,0.12169634341261
7.0969929999992,2441.40625,0.0551452627158489
7.19119599999976,1562.5,0.149723077713491
7.19630499999766,1562.5,0.645418468902153
7.20138600000064,1464.84375,0.384
7.20650999999634,1464.84375,0.152643375224737
